{
  "precision": 0.34210526315789475,
  "recall": 0.8297872340425532,
  "f1": 0.484472049689441,
  "accuracy": 0.9757380882782812,
  "true_positives": 39,
  "false_positives": 75,
  "false_negatives": 8,
  "true_negatives": 3299,
  "threshold_used": 0.0,
  "total_correspondences": 114,
  "filtered_correspondences": 114,
  "evaluation_timestamp": "2025-09-08T18:33:23.413106"
}