{
  "precision": 0.8703703703703703,
  "recall": 1.0,
  "f1": 0.9306930693069307,
  "accuracy": 0.9979085748431431,
  "true_positives": 47,
  "false_positives": 7,
  "false_negatives": 0,
  "true_negatives": 3293,
  "threshold_used": 0.0,
  "total_correspondences": 54,
  "filtered_correspondences": 54,
  "evaluation_timestamp": "2025-09-09T15:13:01.824437"
}