{
  "pair_completeness": 1.0,
  "pair_quality": 0.0011881288234996713,
  "reduction_ratio": 0.9428005436825819,
  "total_candidates": 39558,
  "total_possible_pairs": 691580,
  "true_positives_found": 47,
  "total_true_pairs": 47,
  "evaluation_timestamp": "2025-09-16T16:19:29.108330"
}